Unnamed: 0,Age,Sex,Job,Housing,Saving accounts,Checking account,Credit amount,Duration,Purpose,Risk,Partition date
0,67.0,male,2.0,own,,little,1169,6.0,radio/TV,good,10.07.2021
1,22.0,female,2.0,own,little,moderate,5951,48.0,radio/TV,bad,11.07.2021
2,49.0,male,1.0,own,little,,2096,12.0,education,good,12.07.2021
3,45.0,male,2.0,free,little,little,7882,42.0,furniture/equipment,good,13.07.2021
4,53.0,male,2.0,free,little,little,4870,24.0,car,bad,14.07.2021
5,35.0,male,1.0,free,,,,36.0,education,good,15.07.2021
6,53.0,male,2.0,own,quite rich,,,24.0,furniture/equipment,good,16.07.2021
7,35.0,male,3.0,rent,little,moderate,,36.0,car,good,17.07.2021
8,61.0,male,1.0,own,rich,,,12.0,radio/TV,good,18.07.2021
9,28.0,male,3.0,own,little,moderate,,30.0,car,bad,19.07.2021
10,25.0,female,2.0,rent,little,moderate,,12.0,car,bad,20.07.2021
11,24.0,female,2.0,rent,little,little,,48.0,business,bad,21.07.2021
12,22.0,female,2.0,own,little,moderate,,12.0,radio/TV,good,22.07.2021
13,60.0,male,1.0,own,little,little,,24.0,car,bad,23.07.2021
14,28.0,female,2.0,rent,little,little,,15.0,car,good,24.07.2021
15,32.0,female,1.0,own,moderate,little,,24.0,radio/TV,bad,25.07.2021
16,53.0,male,2.0,own,,,,24.0,radio/TV,good,26.07.2021
17,25.0,male,2.0,own,,little,,30.0,business,good,27.07.2021
18,44.0,female,3.0,free,little,moderate,,24.0,car,bad,28.07.2021
19,31.0,male,2.0,own,quite rich,,,24.0,radio/TV,good,29.07.2021
20,48.0,male,2.0,own,little,,2134,9.0,car,good,30.07.2021
21,44.0,male,2.0,rent,quite rich,little,2647,6.0,radio/TV,good,31.07.2021
22,48.0,male,1.0,rent,little,little,2241,10.0,car,good,01.08.2021
23,44.0,male,2.0,own,moderate,moderate,1804,12.0,car,good,02.08.2021
24,26.0,male,2.0,own,,,2069,10.0,furniture/equipment,good,03.08.2021
25,36.0,male,1.0,own,little,little,1374,6.0,furniture/equipment,good,04.08.2021
26,39.0,male,1.0,own,little,,426,6.0,radio/TV,,05.08.2021
27,42.0,female,2.0,rent,rich,rich,409,12.0,radio/TV,,06.08.2021
28,34.0,male,2.0,own,little,moderate,2415,7.0,radio/TV,,07.08.2021
29,63.0,male,2.0,own,little,little,6836,60.0,business,,08.08.2021
30,36.0,male,2.0,own,rich,moderate,1913,18.0,business,,09.08.2021
31,27.0,male,2.0,own,little,little,4020,24.0,furniture/equipment,,10.08.2021
32,30.0,male,2.0,own,moderate,moderate,5866,18.0,car,,11.08.2021
33,57.0,male,1.0,rent,,,1264,12.0,business,,12.08.2021
34,33.0,female,3.0,own,little,rich,1474,12.0,furniture/equipment,,13.08.2021
35,25.0,male,1.0,own,little,moderate,4746,45.0,radio/TV,,14.08.2021
36,31.0,male,2.0,free,little,,6110,48.0,education,,15.08.2021
37,37.0,male,2.0,own,little,rich,2100,18.0,radio/TV,,16.08.2021
38,37.0,male,2.0,own,little,rich,1225,10.0,domestic appliances,,17.08.2021
39,24.0,male,2.0,own,little,moderate,458,9.0,radio/TV,,18.08.2021
40,30.0,male,3.0,own,quite rich,,2333,30.0,radio/TV,,19.08.2021
41,26.0,male,2.0,own,quite rich,moderate,1158,12.0,radio/TV,,20.08.2021
42,44.0,male,1.0,own,little,moderate,6204,18.0,repairs,good,21.08.2021
43,24.0,male,2.0,rent,moderate,little,6187,30.0,car,good,22.08.2021
44,58.0,female,1.0,free,little,little,6143,48.0,car,bad,23.08.2021
45,35.0,female,3.0,own,little,,1393,11.0,car,good,24.08.2021
46,39.0,male,2.0,own,quite rich,,2299,36.0,radio/TV,good,25.08.2021
47,23.0,female,0.0,rent,quite rich,little,1352,6.0,car,good,26.08.2021
48,39.0,male,1.0,own,little,,7228,11.0,car,good,27.08.2021
49,28.0,female,2.0,own,moderate,,2073,12.0,radio/TV,good,28.08.2021
50,29.0,male,1.0,own,,moderate,2333,24.0,furniture/equipment,good,29.08.2021
51,30.0,male,3.0,own,little,moderate,5965,27.0,car,good,30.08.2021
52,25.0,male,2.0,own,little,,1262,12.0,radio/TV,good,31.08.2021
53,31.0,male,2.0,own,,,3378,18.0,car,good,01.09.2021
54,57.0,male,2.0,free,little,moderate,2225,36.0,car,bad,02.09.2021
55,26.0,male,1.0,own,,,783,6.0,car,good,03.09.2021
56,52.0,male,3.0,own,,moderate,6468,12.0,radio/TV,bad,04.09.2021
57,31.0,female,2.0,own,little,,9566,36.0,radio/TV,good,05.09.2021
58,23.0,female,3.0,own,little,rich,1961,18.0,car,good,06.09.2021
59,23.0,female,1.0,rent,little,little,6229,36.0,furniture/equipment,bad,07.09.2021
60,27.0,male,2.0,own,little,moderate,1391,9.0,business,good,08.09.2021
61,50.0,male,2.0,own,,moderate,1537,15.0,radio/TV,good,09.09.2021
62,61.0,male,3.0,free,little,moderate,1953,36.0,business,bad,10.09.2021
63,25.0,male,2.0,own,little,moderate,14421,,business,bad,11.09.2021
64,26.0,female,2.0,own,little,,3181,,radio/TV,good,12.09.2021
65,48.0,male,2.0,own,,,5190,,repairs,good,13.09.2021
66,29.0,female,2.0,own,little,,2171,,radio/TV,good,14.09.2021
67,22.0,male,2.0,own,rich,moderate,1007,,car,good,15.09.2021
68,37.0,male,2.0,free,little,,1819,,education,bad,16.09.2021
69,25.0,female,2.0,own,,,2394,,radio/TV,good,17.09.2021
70,30.0,female,2.0,own,little,,8133,,car,good,18.09.2021
71,46.0,male,1.0,rent,,,730,,radio/TV,good,19.09.2021
72,51.0,male,3.0,free,little,little,1164,,vacation/others,good,20.09.2021
73,41.0,female,1.0,own,little,moderate,5954,,business,good,21.09.2021
74,40.0,male,3.0,own,,little,1977,,education,bad,22.09.2021
75,66.0,male,3.0,free,little,little,1526,,car,good,23.09.2021
76,34.0,male,2.0,own,little,little,3965,,radio/TV,bad,24.09.2021
77,51.0,male,2.0,own,little,moderate,4771,,radio/TV,good,25.09.2021
78,39.0,male,1.0,own,,,9436,54.0,car,good,26.09.2021
79,22.0,male,2.0,own,little,moderate,3832,30.0,furniture/equipment,good,27.09.2021
80,44.0,female,2.0,own,,,5943,24.0,radio/TV,bad,28.09.2021
81,47.0,male,2.0,own,quite rich,,1213,15.0,radio/TV,good,29.09.2021
82,24.0,female,1.0,rent,moderate,,1568,18.0,business,good,30.09.2021
83,58.0,female,1.0,own,little,little,1755,24.0,vacation/others,good,01.10.2021
84,52.0,male,1.0,own,little,little,2315,10.0,radio/TV,good,02.10.2021
85,29.0,female,3.0,own,little,,1412,12.0,business,good,03.10.2021
86,27.0,female,2.0,own,little,moderate,1295,18.0,furniture/equipment,good,04.10.2021
87,47.0,male,2.0,free,moderate,moderate,12612,36.0,education,bad,05.10.2021
88,30.0,male,3.0,own,moderate,little,2249,18.0,car,good,06.10.2021
89,28.0,male,2.0,own,little,little,1108,12.0,repairs,bad,07.10.2021
90,,male,2.0,own,little,,618,12.0,radio/TV,good,08.10.2021
91,,male,2.0,own,little,little,1409,12.0,car,good,09.10.2021
92,,female,1.0,own,,,797,12.0,radio/TV,bad,10.10.2021
93,,male,2.0,rent,,rich,3617,24.0,furniture/equipment,good,11.10.2021
94,,male,2.0,own,rich,moderate,1318,12.0,car,good,12.10.2021
95,,male,2.0,rent,little,moderate,15945,54.0,business,bad,13.10.2021
96,,female,2.0,own,,,2012,12.0,education,good,14.10.2021
97,,male,2.0,own,moderate,moderate,2622,18.0,business,good,15.10.2021
98,,male,2.0,own,little,moderate,2337,36.0,radio/TV,good,16.10.2021
99,,male,3.0,rent,,moderate,7057,20.0,car,good,17.10.2021
100,,male,1.0,rent,moderate,,1469,24.0,car,good,18.10.2021
101,,male,2.0,rent,little,moderate,2323,36.0,radio/TV,good,19.10.2021
102,,female,2.0,own,little,,932,6.0,radio/TV,good,20.10.2021
103,,male,2.0,rent,little,moderate,1919,9.0,furniture/equipment,good,21.10.2021
104,,male,2.0,rent,,,2445,12.0,car,good,22.10.2021
105,,male,3.0,own,little,moderate,11938,24.0,vacation/others,bad,23.10.2021
106,,male,3.0,own,little,,6458,18.0,car,bad,24.10.2021
107,,male,2.0,own,little,moderate,6078,12.0,car,good,25.10.2021
108,,female,2.0,own,,little,7721,24.0,furniture/equipment,good,26.10.2021
109,,male,2.0,own,quite rich,moderate,1410,14.0,business,good,27.10.2021
110,,male,2.0,own,moderate,moderate,1449,6.0,business,good,28.10.2021
111,,female,2.0,rent,little,rich,392,15.0,education,good,29.10.2021
112,,male,1.0,rent,little,moderate,6260,18.0,car,good,30.10.2021
113,,female,2.0,own,little,,7855,36.0,car,bad,31.10.2021
114,,male,2.0,own,quite rich,little,1680,12.0,radio/TV,good,01.11.2021
115,,male,2.0,own,,,3578,48.0,radio/TV,good,02.11.2021
116,,female,3.0,own,,little,7174,42.0,radio/TV,bad,03.11.2021
117,,female,2.0,rent,,little,2132,10.0,furniture/equipment,good,04.11.2021
118,,female,2.0,own,quite rich,little,4281,33.0,furniture/equipment,bad,05.11.2021
119,,male,3.0,own,quite rich,moderate,2366,12.0,car,good,06.11.2021
120,,female,2.0,own,little,little,1835,21.0,radio/TV,bad,07.11.2021
121,,female,3.0,rent,little,,3868,24.0,car,good,08.11.2021
122,,male,1.0,rent,little,,1768,12.0,furniture/equipment,good,09.11.2021
123,,male,2.0,free,little,rich,781,10.0,car,good,10.11.2021
124,,female,2.0,rent,,moderate,1924,18.0,furniture/equipment,bad,11.11.2021
125,,male,2.0,own,little,little,2121,12.0,car,good,12.11.2021
126,,male,1.0,own,little,little,701,12.0,radio/TV,good,13.11.2021
127,,male,2.0,own,little,moderate,639,12.0,repairs,bad,14.11.2021
128,,male,3.0,own,little,moderate,1860,12.0,car,good,15.11.2021
129,,female,2.0,own,little,little,3499,12.0,car,bad,16.11.2021
130,,female,2.0,own,,moderate,8487,48.0,car,good,17.11.2021
131,,male,2.0,own,little,little,6887,36.0,education,bad,18.11.2021
132,,male,1.0,own,little,,2708,15.0,furniture/equipment,good,19.11.2021
133,,male,2.0,free,little,,1984,18.0,furniture/equipment,good,20.11.2021
134,,female,2.0,own,moderate,,10144,60.0,radio/TV,good,21.11.2021
135,,female,2.0,own,,,1240,12.0,radio/TV,good,22.11.2021
136,,male,2.0,own,rich,,8613,27.0,car,good,23.11.2021
137,,male,1.0,own,quite rich,moderate,766,12.0,radio/TV,bad,24.11.2021
138,,male,2.0,own,,moderate,2728,15.0,radio/TV,good,25.11.2021
139,,female,1.0,rent,little,rich,1881,12.0,radio/TV,good,26.11.2021
140,,male,0.0,own,rich,rich,709,6.0,car,good,27.11.2021
141,,female,3.0,own,little,moderate,4795,36.0,radio/TV,good,28.11.2021
142,,male,3.0,own,little,little,3416,27.0,radio/TV,good,29.11.2021
143,,male,2.0,own,little,little,2462,18.0,furniture/equipment,bad,30.11.2021
144,,female,2.0,own,little,,2288,21.0,furniture/equipment,good,01.12.2021
145,,male,2.0,own,moderate,moderate,3566,48.0,business,good,02.12.2021
146,,female,2.0,own,little,little,860,6.0,car,good,03.12.2021
147,,female,2.0,own,moderate,,682,12.0,car,good,04.12.2021
148,,male,2.0,own,little,little,5371,36.0,furniture/equipment,good,05.12.2021
149,,male,2.0,own,rich,,1582,18.0,radio/TV,good,06.12.2021
150,,male,2.0,free,moderate,,1346,6.0,radio/TV,good,07.12.2021
151,,male,2.0,own,little,,1924,10.0,radio/TV,good,08.12.2021
152,,male,2.0,own,little,rich,5848,36.0,radio/TV,good,09.12.2021
153,,female,2.0,rent,rich,moderate,7758,24.0,car,good,10.12.2021
154,,male,3.0,rent,moderate,moderate,6967,24.0,business,good,11.12.2021
155,,female,2.0,rent,little,little,1282,12.0,furniture/equipment,bad,12.12.2021
156,,male,2.0,own,moderate,little,1288,9.0,repairs,good,13.12.2021
157,,male,1.0,own,little,little,339,12.0,education,good,14.12.2021
158,,male,2.0,own,moderate,moderate,3512,24.0,car,good,15.12.2021
159,,male,1.0,own,,,1898,6.0,radio/TV,good,16.12.2021
160,,male,2.0,own,moderate,,2872,24.0,radio/TV,good,17.12.2021
161,,female,2.0,own,little,,1055,18.0,car,good,18.12.2021
162,,male,2.0,own,quite rich,,1262,15.0,domestic appliances,good,19.12.2021
163,,male,3.0,free,little,moderate,7308,10.0,car,good,20.12.2021
164,,male,2.0,own,quite rich,,909,36.0,car,good,21.12.2021
165,,male,2.0,own,quite rich,,2978,6.0,furniture/equipment,good,22.12.2021
166,,female,2.0,own,little,little,1131,18.0,furniture/equipment,bad,23.12.2021
167,,female,2.0,own,rich,moderate,1577,11.0,furniture/equipment,good,24.12.2021
168,,female,2.0,rent,little,,3972,24.0,furniture/equipment,good,25.12.2021
169,,male,2.0,own,little,moderate,1935,24.0,business,bad,26.12.2021
170,,male,2.0,rent,little,little,950,15.0,car,bad,27.12.2021
171,,female,2.0,own,little,,763,12.0,furniture/equipment,good,28.12.2021
172,,female,3.0,own,little,moderate,2064,24.0,furniture/equipment,bad,29.12.2021
173,,male,2.0,own,little,moderate,1414,8.0,radio/TV,good,30.12.2021
174,,male,2.0,own,little,little,3414,21.0,education,bad,31.12.2021
175,,female,3.0,own,,,7485,30.0,car,bad,01.01.2022
176,,male,2.0,own,little,little,2577,12.0,furniture/equipment,good,02.01.2022
177,,male,2.0,own,quite rich,little,338,6.0,radio/TV,good,03.01.2022
178,,male,3.0,rent,little,,1963,12.0,radio/TV,good,04.01.2022
179,,male,2.0,own,little,little,571,21.0,car,good,05.01.2022
180,,male,2.0,own,little,,9572,36.0,business,bad,06.01.2022
181,,male,3.0,own,little,moderate,4455,36.0,business,bad,07.01.2022
182,,male,1.0,own,,little,1647,21.0,car,bad,08.01.2022
183,,male,2.0,own,rich,,3777,24.0,furniture/equipment,good,09.01.2022
184,,male,2.0,own,little,moderate,884,18.0,car,bad,10.01.2022
185,,male,2.0,own,little,,1360,15.0,radio/TV,good,11.01.2022
186,,female,3.0,free,little,moderate,5129,9.0,car,bad,12.01.2022
187,,male,0.0,free,little,moderate,1175,16.0,car,good,13.01.2022
188,,male,2.0,own,moderate,little,674,12.0,radio/TV,bad,14.01.2022
189,,female,2.0,own,little,moderate,3244,18.0,furniture/equipment,good,15.01.2022
190,,male,3.0,own,rich,,4591,24.0,business,bad,16.01.2022
191,,male,1.0,free,moderate,moderate,3844,48.0,business,bad,17.01.2022
192,,male,2.0,own,little,moderate,3915,27.0,business,bad,18.01.2022
193,,male,2.0,rent,little,,2108,6.0,radio/TV,good,19.01.2022
194,,male,2.0,rent,moderate,moderate,3031,45.0,radio/TV,bad,20.01.2022
195,,female,3.0,own,little,moderate,1501,9.0,education,bad,21.01.2022
196,,female,2.0,own,little,,1382,6.0,radio/TV,good,22.01.2022
197,,female,2.0,rent,moderate,moderate,951,12.0,furniture/equipment,bad,23.01.2022
198,,male,2.0,free,,moderate,2760,24.0,car,good,24.01.2022
199,,male,3.0,own,little,moderate,4297,18.0,furniture/equipment,bad,25.01.2022
200,,male,2.0,own,quite rich,,936,9.0,education,good,26.01.2022
201,,male,1.0,own,little,little,1168,12.0,car,good,27.01.2022
202,,male,2.0,own,little,,5117,27.0,business,good,28.01.2022
203,,male,2.0,rent,little,little,902,12.0,education,bad,29.01.2022
204,,male,1.0,own,little,,1495,12.0,car,good,30.01.2022
205,,male,3.0,free,little,little,10623,30.0,car,good,31.01.2022
206,,male,2.0,own,little,,1935,12.0,furniture/equipment,good,01.02.2022
207,,male,2.0,own,little,moderate,1424,12.0,domestic appliances,good,02.02.2022
208,,male,1.0,own,little,little,6568,24.0,business,good,03.02.2022
209,,male,2.0,own,rich,,1413,12.0,car,good,04.02.2022
210,33.0,male,2.0,own,,,3074,9.0,radio/TV,good,05.02.2022
211,45.0,female,1.0,own,,,3835,36.0,radio/TV,good,06.02.2022
212,50.0,male,2.0,own,little,little,5293,27.0,business,bad,07.02.2022
213,66.0,male,3.0,own,little,rich,1908,30.0,business,bad,08.02.2022
214,51.0,male,2.0,own,,,3342,36.0,radio/TV,good,09.02.2022
215,39.0,female,1.0,own,,moderate,932,6.0,education,good,10.02.2022
216,31.0,male,2.0,own,little,little,3104,18.0,business,good,11.02.2022
217,23.0,male,2.0,own,little,rich,3913,36.0,radio/TV,good,12.02.2022
218,24.0,male,1.0,rent,little,little,3021,24.0,furniture/equipment,good,13.02.2022
219,64.0,female,2.0,own,little,,1364,10.0,car,good,14.02.2022
220,26.0,male,1.0,own,little,moderate,625,12.0,radio/TV,good,15.02.2022
221,23.0,female,2.0,rent,,little,1200,12.0,education,good,16.02.2022
222,30.0,male,2.0,own,little,,707,12.0,radio/TV,good,17.02.2022
223,32.0,male,2.0,own,,,2978,24.0,business,good,18.02.2022
224,30.0,male,2.0,own,little,,4657,15.0,car,good,19.02.2022
225,27.0,male,2.0,own,little,,2613,36.0,repairs,good,20.02.2022
226,27.0,male,2.0,own,rich,moderate,10961,48.0,radio/TV,bad,21.02.2022
227,53.0,male,3.0,free,little,little,7865,12.0,furniture/equipment,bad,22.02.2022
228,22.0,male,2.0,own,little,,1478,9.0,radio/TV,bad,23.02.2022
229,22.0,male,2.0,free,little,little,3149,24.0,furniture/equipment,good,24.02.2022
230,26.0,male,2.0,own,little,rich,4210,36.0,radio/TV,bad,25.02.2022
231,51.0,male,1.0,free,quite rich,,2507,9.0,car,good,26.02.2022
232,35.0,male,2.0,own,moderate,,2141,12.0,radio/TV,good,27.02.2022
233,25.0,male,1.0,own,little,moderate,866,18.0,radio/TV,good,28.02.2022
234,42.0,male,1.0,own,little,,1544,4.0,radio/TV,good,01.03.2022
235,30.0,male,3.0,own,little,little,1823,24.0,radio/TV,bad,02.03.2022
236,23.0,male,0.0,own,,moderate,14555,6.0,car,bad,03.03.2022
237,61.0,male,1.0,rent,moderate,moderate,2767,21.0,business,bad,04.03.2022
238,35.0,female,2.0,own,little,,1291,12.0,radio/TV,good,05.03.2022
239,39.0,male,2.0,own,little,little,2522,30.0,radio/TV,good,06.03.2022
240,29.0,female,2.0,own,,little,915,24.0,car,bad,07.03.2022
241,51.0,male,2.0,own,little,,1595,6.0,radio/TV,good,08.03.2022
242,24.0,male,2.0,free,little,little,4605,48.0,car,bad,09.03.2022
243,27.0,female,2.0,own,little,,1185,12.0,business,good,10.03.2022
244,35.0,female,1.0,own,quite rich,,3447,12.0,education,good,11.03.2022
245,25.0,male,2.0,own,little,,1258,24.0,business,good,12.03.2022
246,52.0,male,2.0,own,little,,717,12.0,radio/TV,good,13.03.2022
247,35.0,male,2.0,rent,moderate,,1204,6.0,car,good,14.03.2022
248,26.0,male,2.0,own,little,rich,1925,24.0,furniture/equipment,good,15.03.2022
249,22.0,female,2.0,rent,little,,433,18.0,radio/TV,bad,16.03.2022
250,39.0,female,1.0,own,rich,little,666,6.0,car,good,17.03.2022
251,46.0,female,1.0,own,little,rich,2251,12.0,furniture/equipment,good,18.03.2022
252,24.0,female,2.0,own,little,moderate,2150,30.0,car,bad,19.03.2022
253,35.0,male,2.0,own,moderate,,4151,24.0,furniture/equipment,good,20.03.2022
254,24.0,male,2.0,own,,moderate,2030,9.0,furniture/equipment,good,21.03.2022
255,27.0,male,1.0,own,,moderate,7418,60.0,radio/TV,good,22.03.2022
256,35.0,male,1.0,own,little,,2684,24.0,radio/TV,good,23.03.2022
257,29.0,male,2.0,free,little,little,2149,12.0,radio/TV,bad,24.03.2022
258,23.0,female,2.0,own,moderate,,3812,15.0,car,good,25.03.2022
259,57.0,female,1.0,own,moderate,,1154,11.0,radio/TV,good,26.03.2022
260,27.0,male,2.0,own,little,little,1657,12.0,furniture/equipment,good,27.03.2022
261,55.0,female,2.0,own,little,little,1603,24.0,radio/TV,good,28.03.2022
262,36.0,male,3.0,free,little,little,5302,18.0,car,good,29.03.2022
263,57.0,female,1.0,free,little,,2748,12.0,education,good,30.03.2022
264,32.0,male,1.0,own,little,,1231,10.0,car,good,31.03.2022
265,37.0,male,2.0,own,little,moderate,802,15.0,radio/TV,bad,01.04.2022
266,36.0,male,2.0,own,,,6304,36.0,business,good,02.04.2022
267,38.0,female,,own,little,,1533,24.0,radio/TV,good,03.04.2022
268,45.0,male,,own,little,little,8978,14.0,car,bad,04.04.2022
269,25.0,male,,own,,,999,24.0,radio/TV,good,05.04.2022
270,32.0,male,,own,,,2662,18.0,car,good,06.04.2022
271,37.0,female,,rent,quite rich,,1402,12.0,furniture/equipment,good,07.04.2022
272,36.0,male,,free,,moderate,12169,48.0,car,good,08.04.2022
273,28.0,male,,own,little,moderate,3060,48.0,radio/TV,bad,09.04.2022
274,34.0,male,,own,little,little,11998,30.0,repairs,bad,10.04.2022
275,32.0,male,,own,little,,2697,9.0,radio/TV,good,11.04.2022
276,26.0,female,,own,little,,2404,18.0,radio/TV,good,12.04.2022
277,49.0,male,,own,,little,1262,12.0,furniture/equipment,good,13.04.2022
278,32.0,female,,own,little,,4611,6.0,furniture/equipment,bad,14.04.2022
279,29.0,male,,rent,moderate,,1901,24.0,radio/TV,good,15.04.2022
280,23.0,male,,rent,rich,,3368,15.0,car,good,16.04.2022
281,50.0,male,,own,little,,1574,12.0,furniture/equipment,good,17.04.2022
282,49.0,male,,own,,rich,1445,18.0,radio/TV,good,18.04.2022
283,63.0,male,,own,,,1520,15.0,furniture/equipment,good,19.04.2022
284,37.0,male,,own,moderate,moderate,3878,24.0,car,good,20.04.2022
285,35.0,female,,own,little,little,10722,47.0,car,good,21.04.2022
286,26.0,male,,own,little,little,4788,48.0,car,good,22.04.2022
287,31.0,male,,free,moderate,moderate,7582,48.0,vacation/others,good,23.04.2022
288,49.0,female,,own,little,moderate,1092,12.0,radio/TV,good,24.04.2022
289,48.0,male,,own,little,little,1024,24.0,radio/TV,bad,25.04.2022
290,26.0,male,,own,little,,1076,12.0,business,good,26.04.2022
291,28.0,male,,rent,little,moderate,9398,36.0,car,bad,27.04.2022
292,44.0,female,,free,little,little,6419,24.0,car,good,28.04.2022
293,56.0,male,,free,little,rich,4796,42.0,car,good,29.04.2022
294,46.0,male,,own,,,7629,48.0,business,good,30.04.2022
295,26.0,female,,own,little,moderate,9960,48.0,furniture/equipment,bad,01.05.2022
296,20.0,female,,rent,,,4675,12.0,car,good,02.05.2022
297,45.0,male,,own,,,1287,10.0,car,good,03.05.2022
298,43.0,male,,own,little,,2515,18.0,furniture/equipment,good,04.05.2022
299,32.0,male,,own,rich,moderate,2745,21.0,furniture/equipment,good,05.05.2022
300,54.0,female,,own,little,,672,6.0,car,good,06.05.2022
301,42.0,female,,own,little,moderate,3804,36.0,radio/TV,bad,07.05.2022
302,37.0,male,,own,,rich,1344,24.0,car,bad,08.05.2022
303,49.0,male,2.0,own,little,little,1038,10.0,car,good,09.05.2022
304,44.0,male,2.0,free,quite rich,,10127,48.0,car,bad,10.05.2022
305,33.0,male,2.0,own,rich,,1543,6.0,furniture/equipment,good,11.05.2022
306,24.0,female,1.0,rent,,,4811,30.0,car,good,12.05.2022
307,33.0,male,1.0,own,moderate,little,727,12.0,radio/TV,bad,13.05.2022
308,24.0,female,2.0,own,little,moderate,1237,8.0,furniture/equipment,bad,14.05.2022
309,22.0,male,1.0,rent,little,moderate,276,9.0,car,good,15.05.2022
310,40.0,male,0.0,free,,moderate,5381,48.0,vacation/others,good,16.05.2022
311,25.0,male,2.0,own,moderate,,5511,24.0,furniture/equipment,good,17.05.2022
312,26.0,female,2.0,own,little,rich,3749,24.0,furniture/equipment,good,18.05.2022
313,25.0,male,1.0,own,little,moderate,685,12.0,car,bad,19.05.2022
314,29.0,male,1.0,own,,rich,1494,4.0,car,good,20.05.2022
315,31.0,male,2.0,own,little,little,2746,36.0,furniture/equipment,bad,21.05.2022
316,38.0,male,1.0,own,little,little,708,12.0,furniture/equipment,good,22.05.2022
317,48.0,female,1.0,own,,moderate,4351,24.0,furniture/equipment,good,23.05.2022
318,32.0,male,2.0,own,little,,701,12.0,education,good,24.05.2022
319,27.0,female,1.0,own,little,little,3643,15.0,furniture/equipment,good,25.05.2022
320,28.0,male,3.0,own,little,moderate,4249,30.0,car,bad,26.05.2022
321,32.0,male,2.0,own,little,little,1938,24.0,radio/TV,bad,27.05.2022
322,34.0,male,3.0,free,little,little,2910,24.0,car,good,28.05.2022
323,28.0,male,2.0,own,rich,little,2659,18.0,furniture/equipment,good,29.05.2022
324,36.0,female,2.0,own,little,,1028,18.0,car,good,30.05.2022
325,39.0,male,1.0,own,little,little,3398,8.0,car,good,31.05.2022
326,49.0,male,2.0,rent,,,5801,12.0,furniture/equipment,good,01.06.2022
327,34.0,female,2.0,own,rich,,1525,24.0,car,good,02.06.2022
328,31.0,male,2.0,own,little,rich,4473,36.0,radio/TV,good,03.06.2022
329,28.0,male,2.0,own,little,moderate,1068,6.0,radio/TV,good,04.06.2022
330,75.0,male,3.0,free,little,little,6615,24.0,car,good,05.06.2022
331,30.0,female,2.0,own,moderate,,1864,18.0,education,bad,06.06.2022
332,24.0,female,3.0,own,moderate,moderate,7408,60.0,car,bad,07.06.2022
333,24.0,female,1.0,rent,moderate,,11590,48.0,car,bad,08.06.2022
334,23.0,male,2.0,rent,little,little,4110,24.0,furniture/equipment,bad,09.06.2022
335,44.0,male,3.0,rent,little,little,3384,6.0,furniture/equipment,bad,10.06.2022
336,23.0,female,1.0,own,little,moderate,2101,13.0,radio/TV,good,11.06.2022
337,24.0,female,2.0,rent,,little,1275,15.0,domestic appliances,bad,12.06.2022
338,28.0,male,2.0,own,little,little,4169,24.0,furniture/equipment,good,13.06.2022
339,31.0,male,1.0,own,little,moderate,1521,10.0,furniture/equipment,good,14.06.2022
340,24.0,female,2.0,free,little,moderate,5743,24.0,education,good,15.06.2022
341,26.0,female,1.0,rent,little,little,3599,21.0,furniture/equipment,good,16.06.2022
342,25.0,male,2.0,rent,quite rich,moderate,3213,18.0,radio/TV,good,17.06.2022
343,33.0,male,3.0,own,little,moderate,4439,18.0,business,good,18.06.2022
344,37.0,male,1.0,own,little,rich,3949,10.0,car,good,19.06.2022
345,43.0,female,1.0,own,little,,1459,15.0,radio/TV,good,20.06.2022
346,23.0,male,2.0,own,little,moderate,882,13.0,radio/TV,good,21.06.2022
347,23.0,female,0.0,rent,quite rich,moderate,3758,24.0,radio/TV,good,22.06.2022
348,34.0,male,1.0,own,moderate,,1743,6.0,business,good,23.06.2022
349,32.0,male,2.0,free,rich,moderate,1136,9.0,education,bad,24.06.2022
350,23.0,female,2.0,rent,little,,1236,9.0,domestic appliances,good,25.06.2022
351,29.0,female,2.0,own,little,moderate,959,9.0,furniture/equipment,bad,26.06.2022
352,38.0,male,3.0,own,,,3229,18.0,car,good,27.06.2022
353,28.0,male,2.0,rent,little,little,6199,12.0,radio/TV,bad,28.06.2022
354,46.0,male,2.0,free,quite rich,,727,10.0,education,good,29.06.2022
355,23.0,male,1.0,own,little,moderate,1246,24.0,car,bad,30.06.2022
356,49.0,male,2.0,own,,,2331,12.0,radio/TV,good,01.07.2022
357,26.0,male,3.0,own,little,,4463,36.0,radio/TV,bad,02.07.2022
358,28.0,male,2.0,own,little,,776,12.0,radio/TV,good,03.07.2022
359,23.0,female,2.0,rent,little,little,2406,30.0,furniture/equipment,bad,04.07.2022
360,61.0,male,2.0,free,,moderate,1239,18.0,education,good,10.07.2021
361,37.0,male,3.0,own,,rich,3399,12.0,radio/TV,good,11.07.2021
362,36.0,female,2.0,own,little,rich,2247,12.0,car,good,12.07.2021
363,21.0,male,2.0,rent,little,,1766,6.0,furniture/equipment,good,13.07.2021
364,25.0,male,0.0,own,little,little,2473,18.0,furniture/equipment,bad,14.07.2021
365,36.0,male,2.0,own,little,,1542,12.0,business,good,15.07.2021
366,27.0,male,2.0,own,little,,3850,18.0,car,good,16.07.2021
367,22.0,female,2.0,rent,little,little,3650,18.0,furniture/equipment,good,17.07.2021
368,42.0,male,2.0,own,little,little,3446,36.0,furniture/equipment,bad,18.07.2021
369,40.0,female,2.0,rent,little,moderate,3001,18.0,furniture/equipment,good,19.07.2021
370,36.0,male,2.0,own,,,3079,36.0,car,good,20.07.2021
371,33.0,male,2.0,own,little,,6070,18.0,radio/TV,good,21.07.2021
372,23.0,female,2.0,rent,little,,2146,10.0,furniture/equipment,good,22.07.2021
373,63.0,male,3.0,free,,,13756,60.0,car,good,23.07.2021
374,60.0,female,3.0,free,moderate,moderate,14782,60.0,vacation/others,bad,24.07.2021
375,37.0,female,2.0,rent,little,little,7685,48.0,business,bad,25.07.2021
376,34.0,male,2.0,own,little,,2320,18.0,radio/TV,good,26.07.2021
377,36.0,male,2.0,free,,,846,7.0,radio/TV,good,27.07.2021
378,57.0,male,3.0,free,little,moderate,14318,36.0,car,bad,28.07.2021
379,52.0,female,1.0,own,moderate,,362,6.0,car,good,29.07.2021
380,39.0,male,2.0,own,,little,2212,20.0,furniture/equipment,good,30.07.2021
381,38.0,female,3.0,free,little,moderate,12976,18.0,car,bad,31.07.2021
382,25.0,female,2.0,rent,,,1283,22.0,car,good,01.08.2021
383,26.0,male,2.0,own,little,rich,1330,12.0,car,good,02.08.2021
384,26.0,male,1.0,own,moderate,,4272,30.0,business,good,03.08.2021
385,25.0,female,2.0,own,little,,2238,18.0,radio/TV,good,04.08.2021
386,21.0,female,2.0,rent,,,1126,18.0,radio/TV,good,05.08.2021
387,40.0,male,3.0,own,little,moderate,7374,18.0,furniture/equipment,good,06.08.2021
388,27.0,male,2.0,own,quite rich,moderate,2326,15.0,business,good,07.08.2021
389,27.0,female,2.0,own,little,,1449,9.0,business,good,08.08.2021
390,30.0,male,3.0,own,little,,1820,18.0,car,good,09.08.2021
391,19.0,female,1.0,rent,rich,moderate,983,12.0,furniture/equipment,good,10.08.2021
392,39.0,male,3.0,free,little,little,3249,36.0,car,good,11.08.2021
393,31.0,female,2.0,own,little,little,1957,6.0,radio/TV,good,12.08.2021
394,31.0,male,3.0,own,little,,2406,9.0,furniture/equipment,good,13.08.2021
395,32.0,male,2.0,rent,moderate,moderate,11760,39.0,education,good,14.08.2021
396,55.0,female,3.0,free,little,little,2578,12.0,furniture/equipment,good,15.08.2021
397,46.0,male,2.0,own,little,little,2348,36.0,furniture/equipment,good,16.08.2021
398,46.0,male,2.0,rent,little,moderate,1223,12.0,car,bad,17.08.2021
399,43.0,female,1.0,own,rich,,1516,24.0,radio/TV,good,18.08.2021
400,39.0,male,2.0,own,little,,1473,18.0,radio/TV,good,19.08.2021
401,28.0,male,2.0,own,,moderate,1887,18.0,business,good,20.08.2021
402,27.0,male,2.0,own,little,,8648,24.0,business,bad,21.08.2021
403,27.0,male,1.0,own,little,,802,14.0,car,good,22.08.2021
404,43.0,male,2.0,own,,moderate,2899,18.0,car,good,23.08.2021
405,22.0,male,2.0,own,little,moderate,2039,24.0,radio/TV,bad,24.08.2021
406,43.0,male,2.0,own,,,2197,24.0,car,good,25.08.2021
407,27.0,male,2.0,own,little,little,1053,15.0,radio/TV,good,26.08.2021
408,26.0,male,3.0,own,quite rich,,3235,24.0,radio/TV,good,27.08.2021
409,28.0,male,2.0,own,quite rich,rich,939,12.0,car,bad,28.08.2021
410,20.0,female,2.0,own,little,moderate,1967,24.0,radio/TV,good,29.08.2021
411,35.0,male,3.0,own,little,,7253,33.0,car,good,30.08.2021
412,42.0,male,3.0,own,little,,2292,12.0,business,bad,31.08.2021
413,40.0,male,1.0,rent,quite rich,,1597,10.0,car,good,01.09.2021
414,35.0,female,2.0,own,,little,1381,24.0,car,bad,02.09.2021
415,35.0,male,2.0,own,little,,5842,36.0,car,good,03.09.2021
416,33.0,male,1.0,own,little,little,2579,12.0,car,bad,04.09.2021
417,23.0,female,2.0,rent,,little,8471,18.0,education,good,05.09.2021
418,31.0,female,3.0,own,quite rich,,2782,21.0,car,good,06.09.2021
419,33.0,female,2.0,own,,moderate,1042,18.0,car,bad,07.09.2021
420,20.0,female,2.0,rent,rich,,3186,15.0,car,good,08.09.2021
421,30.0,male,2.0,own,,moderate,2028,12.0,car,good,09.09.2021
422,47.0,male,1.0,own,little,moderate,958,12.0,car,good,10.09.2021
423,34.0,male,3.0,own,moderate,,1591,21.0,furniture/equipment,good,11.09.2021
424,25.0,female,2.0,own,,moderate,2762,12.0,furniture/equipment,bad,12.09.2021
425,21.0,male,2.0,rent,little,moderate,2779,18.0,car,good,13.09.2021
426,29.0,male,2.0,own,little,,2743,28.0,radio/TV,good,14.09.2021
427,46.0,male,2.0,own,rich,,1149,18.0,radio/TV,good,15.09.2021
428,20.0,male,2.0,own,little,,1313,9.0,furniture/equipment,good,16.09.2021
429,55.0,female,0.0,free,little,little,1190,18.0,repairs,bad,17.09.2021
430,74.0,male,1.0,own,little,,3448,5.0,business,good,18.09.2021
431,29.0,male,3.0,own,little,moderate,11328,24.0,vacation/others,bad,19.09.2021
432,36.0,male,3.0,free,little,little,1872,6.0,furniture/equipment,good,20.09.2021
433,33.0,male,2.0,own,little,,2058,24.0,repairs,good,21.09.2021
434,25.0,male,2.0,own,little,little,2136,9.0,furniture/equipment,good,22.09.2021
435,25.0,male,2.0,own,,moderate,1484,12.0,radio/TV,bad,23.09.2021
436,23.0,male,1.0,rent,quite rich,,660,6.0,repairs,good,24.09.2021
437,37.0,female,2.0,own,rich,,1287,24.0,car,good,25.09.2021
438,65.0,male,0.0,own,little,little,3394,42.0,repairs,good,26.09.2021
439,26.0,female,0.0,own,little,rich,609,12.0,business,bad,27.09.2021
440,39.0,male,3.0,own,little,,1884,12.0,car,good,28.09.2021
441,30.0,female,2.0,own,little,little,1620,12.0,furniture/equipment,good,29.09.2021
442,29.0,male,2.0,own,little,moderate,2629,20.0,vacation/others,good,30.09.2021
443,41.0,male,1.0,own,little,,719,12.0,education,bad,01.10.2021
444,30.0,female,3.0,own,little,moderate,5096,48.0,furniture/equipment,bad,02.10.2021
445,41.0,female,1.0,rent,,,1244,9.0,education,good,03.10.2021
446,34.0,female,2.0,own,little,little,1842,36.0,car,bad,04.10.2021
447,35.0,male,2.0,own,little,moderate,2576,7.0,radio/TV,good,05.10.2021
448,55.0,female,3.0,own,,rich,1424,12.0,furniture/equipment,good,06.10.2021
449,61.0,male,2.0,own,rich,moderate,1512,15.0,repairs,bad,07.10.2021
450,30.0,male,3.0,own,,,11054,36.0,car,good,08.10.2021
451,29.0,female,2.0,own,little,,518,6.0,radio/TV,good,09.10.2021
452,34.0,male,2.0,own,little,,2759,12.0,furniture/equipment,good,10.10.2021
453,35.0,male,3.0,own,little,,2670,24.0,car,good,11.10.2021
454,31.0,male,2.0,own,little,little,4817,24.0,car,bad,12.10.2021
455,29.0,female,3.0,own,little,,2679,24.0,car,good,13.10.2021
456,36.0,male,2.0,rent,little,little,3905,11.0,car,good,14.10.2021
457,35.0,male,2.0,free,little,little,3386,12.0,car,bad,15.10.2021
458,27.0,female,2.0,own,little,little,343,6.0,domestic appliances,good,16.10.2021
459,32.0,male,2.0,own,little,,4594,18.0,radio/TV,good,17.10.2021
460,37.0,male,2.0,own,little,little,3620,36.0,furniture/equipment,good,18.10.2021
461,36.0,male,2.0,own,little,little,1721,15.0,car,good,19.10.2021
462,34.0,female,3.0,rent,little,moderate,3017,12.0,furniture/equipment,good,20.10.2021
463,38.0,male,2.0,own,,moderate,754,12.0,education,good,21.10.2021
464,34.0,male,2.0,own,little,,1950,18.0,business,good,22.10.2021
465,63.0,male,2.0,own,little,little,2924,24.0,car,good,23.10.2021
466,29.0,female,1.0,rent,little,little,1659,24.0,radio/TV,bad,24.10.2021
467,32.0,male,2.0,own,,,7238,48.0,radio/TV,good,25.10.2021
468,26.0,female,2.0,own,little,,2764,33.0,business,good,26.10.2021
469,35.0,male,1.0,own,little,,4679,24.0,car,good,27.10.2021
470,22.0,male,2.0,rent,moderate,moderate,3092,24.0,radio/TV,bad,28.10.2021
471,23.0,female,2.0,own,little,little,448,6.0,education,bad,29.10.2021
472,28.0,male,1.0,own,little,little,654,9.0,car,bad,30.10.2021
473,36.0,male,3.0,own,,,1238,6.0,education,good,31.10.2021
474,33.0,male,2.0,own,little,moderate,1245,18.0,radio/TV,bad,01.11.2021
475,26.0,female,2.0,rent,little,little,3114,18.0,furniture/equipment,bad,02.11.2021
476,24.0,male,2.0,own,quite rich,,2569,39.0,car,good,03.11.2021
477,25.0,male,2.0,own,little,rich,5152,24.0,radio/TV,good,04.11.2021
478,39.0,male,1.0,own,moderate,moderate,1037,12.0,business,good,05.11.2021
479,44.0,male,2.0,own,little,little,1478,15.0,furniture/equipment,good,06.11.2021
480,23.0,female,1.0,own,little,moderate,3573,12.0,radio/TV,good,07.11.2021
481,26.0,male,2.0,own,little,moderate,1201,24.0,car,good,08.11.2021
482,57.0,female,2.0,rent,rich,little,3622,30.0,furniture/equipment,good,09.11.2021
483,30.0,female,2.0,own,rich,,960,15.0,furniture/equipment,good,10.11.2021
484,44.0,male,2.0,own,quite rich,,1163,12.0,car,good,11.11.2021
485,47.0,male,3.0,own,little,moderate,1209,6.0,car,bad,12.11.2021
486,52.0,male,2.0,own,little,,3077,12.0,radio/TV,good,13.11.2021
487,62.0,female,2.0,free,little,,3757,24.0,car,good,14.11.2021
488,35.0,male,1.0,rent,moderate,,1418,10.0,car,good,15.11.2021
489,26.0,male,2.0,rent,little,,3518,6.0,car,good,16.11.2021
490,26.0,male,2.0,own,little,,1934,12.0,radio/TV,good,17.11.2021
491,42.0,female,3.0,free,little,moderate,8318,27.0,business,bad,18.11.2021
492,27.0,female,2.0,own,moderate,,1237,6.0,radio/TV,good,19.11.2021
493,38.0,male,2.0,own,,moderate,368,6.0,radio/TV,good,20.11.2021
494,39.0,male,1.0,rent,little,little,2122,12.0,car,good,21.11.2021
495,20.0,male,2.0,own,,little,2996,24.0,furniture/equipment,bad,22.11.2021
496,29.0,male,3.0,rent,moderate,moderate,9034,36.0,furniture/equipment,bad,23.11.2021
497,40.0,male,2.0,own,little,,1585,24.0,furniture/equipment,good,24.11.2021
498,32.0,male,1.0,own,little,moderate,1301,18.0,radio/TV,good,25.11.2021
499,28.0,male,2.0,own,moderate,rich,1323,6.0,car,good,26.11.2021
500,27.0,female,2.0,own,little,little,3123,24.0,car,bad,27.11.2021
501,42.0,male,2.0,free,little,little,5493,36.0,car,good,28.11.2021
502,49.0,male,2.0,own,moderate,rich,1126,9.0,radio/TV,good,29.11.2021
503,38.0,male,2.0,own,moderate,moderate,1216,24.0,radio/TV,bad,30.11.2021
504,24.0,female,2.0,rent,little,little,1207,24.0,car,bad,01.12.2021
505,27.0,male,1.0,own,,,1309,10.0,car,bad,02.12.2021
506,36.0,male,2.0,own,quite rich,rich,2360,15.0,car,good,03.12.2021
507,34.0,male,3.0,own,moderate,moderate,6850,15.0,car,bad,04.12.2021
508,28.0,male,2.0,own,little,,1413,24.0,radio/TV,good,05.12.2021
509,45.0,male,3.0,own,moderate,,8588,39.0,car,good,06.12.2021
510,26.0,male,2.0,own,little,little,759,12.0,car,bad,07.12.2021
511,32.0,male,3.0,free,little,,4686,36.0,car,good,08.12.2021
512,26.0,male,2.0,rent,little,rich,2687,15.0,business,good,09.12.2021
513,20.0,male,2.0,rent,little,moderate,585,12.0,radio/TV,good,10.12.2021
514,54.0,male,2.0,own,,,2255,24.0,car,good,11.12.2021
515,37.0,female,2.0,own,little,little,609,6.0,car,good,12.12.2021
516,40.0,male,1.0,own,little,little,1361,6.0,car,good,13.12.2021
517,23.0,female,2.0,rent,little,,7127,36.0,furniture/equipment,bad,14.12.2021
518,43.0,male,2.0,own,moderate,little,1203,6.0,car,good,15.12.2021
519,36.0,male,2.0,free,,,700,6.0,radio/TV,good,16.12.2021
520,44.0,male,2.0,free,little,,5507,24.0,repairs,good,17.12.2021
521,24.0,female,2.0,own,little,little,3190,18.0,radio/TV,bad,18.12.2021
522,53.0,male,2.0,free,little,little,7119,48.0,furniture/equipment,bad,19.12.2021
523,23.0,female,2.0,own,moderate,,3488,24.0,car,good,20.12.2021
524,26.0,female,1.0,own,little,moderate,1113,18.0,radio/TV,good,21.12.2021
525,30.0,male,2.0,own,little,moderate,7966,26.0,car,good,22.12.2021
526,31.0,female,2.0,own,moderate,,1532,15.0,education,good,23.12.2021
527,42.0,male,1.0,own,little,,1503,4.0,radio/TV,good,24.12.2021
528,31.0,male,2.0,rent,little,little,2302,36.0,radio/TV,bad,25.12.2021
529,41.0,male,1.0,own,little,little,662,6.0,car,good,26.12.2021
530,32.0,male,2.0,own,little,moderate,2273,36.0,education,good,27.12.2021
531,28.0,female,2.0,rent,moderate,moderate,2631,15.0,car,bad,28.12.2021
532,41.0,male,2.0,rent,little,,1503,12.0,car,good,29.12.2021
533,26.0,male,2.0,own,moderate,,1311,24.0,radio/TV,good,30.12.2021
534,25.0,male,2.0,own,,,3105,24.0,radio/TV,good,31.12.2021
535,33.0,male,2.0,rent,little,rich,2319,21.0,education,bad,01.01.2022
536,75.0,female,3.0,own,,little,1374,6.0,car,good,02.01.2022
537,37.0,female,2.0,own,little,moderate,3612,18.0,furniture/equipment,good,03.01.2022
538,42.0,male,3.0,free,little,little,7763,48.0,car,bad,04.01.2022
539,45.0,female,1.0,own,little,rich,3049,18.0,furniture/equipment,good,05.01.2022
540,23.0,male,2.0,rent,little,moderate,1534,12.0,radio/TV,bad,06.01.2022
541,60.0,male,2.0,free,little,,2032,24.0,car,good,07.01.2022
542,31.0,male,2.0,own,,little,6350,30.0,furniture/equipment,bad,08.01.2022
543,34.0,male,1.0,own,little,rich,2864,18.0,furniture/equipment,bad,09.01.2022
544,61.0,male,1.0,own,little,,1255,12.0,car,good,10.01.2022
545,43.0,male,2.0,free,little,little,1333,24.0,car,bad,11.01.2022
546,37.0,female,2.0,own,little,,2022,24.0,car,good,12.01.2022
547,32.0,male,2.0,own,little,,1552,24.0,radio/TV,good,13.01.2022
548,24.0,female,1.0,own,little,little,626,12.0,radio/TV,bad,14.01.2022
549,35.0,male,2.0,free,,,8858,48.0,car,good,15.01.2022
550,23.0,female,2.0,own,,,996,12.0,repairs,good,16.01.2022
551,45.0,male,1.0,own,quite rich,,1750,6.0,radio/TV,good,17.01.2022
552,34.0,male,2.0,own,little,little,6999,48.0,radio/TV,bad,18.01.2022
553,27.0,male,2.0,own,moderate,moderate,1995,12.0,car,good,19.01.2022
554,67.0,female,3.0,own,little,moderate,1199,9.0,education,good,20.01.2022
555,22.0,male,2.0,own,little,moderate,1331,12.0,radio/TV,bad,21.01.2022
556,28.0,female,2.0,own,moderate,moderate,2278,18.0,car,bad,22.01.2022
557,29.0,female,2.0,own,,,5003,21.0,car,bad,23.01.2022
558,27.0,male,2.0,own,little,little,3552,24.0,furniture/equipment,bad,24.01.2022
559,31.0,male,1.0,own,little,moderate,1928,18.0,furniture/equipment,bad,25.01.2022
560,49.0,male,2.0,free,,little,2964,24.0,car,good,26.01.2022
561,24.0,male,1.0,rent,little,little,1546,24.0,radio/TV,bad,27.01.2022
562,29.0,female,2.0,own,little,rich,683,6.0,radio/TV,good,28.01.2022
563,37.0,male,2.0,free,,moderate,12389,36.0,car,bad,29.01.2022
564,37.0,male,3.0,own,,moderate,4712,24.0,business,good,30.01.2022
565,23.0,female,2.0,rent,moderate,moderate,1553,24.0,radio/TV,good,31.01.2022
566,36.0,male,2.0,own,little,little,1372,12.0,car,bad,01.02.2022
567,34.0,male,2.0,own,rich,,2578,24.0,radio/TV,good,02.02.2022
568,41.0,male,2.0,own,,moderate,3979,48.0,radio/TV,good,03.02.2022
569,31.0,female,2.0,own,little,little,6758,48.0,radio/TV,bad,04.02.2022
570,23.0,female,1.0,rent,little,little,3234,24.0,furniture/equipment,bad,05.02.2022
571,38.0,male,2.0,own,little,,5954,30.0,radio/TV,good,06.02.2022
572,26.0,female,3.0,rent,,,5433,24.0,car,good,07.02.2022
573,22.0,female,1.0,own,little,little,806,15.0,business,good,08.02.2022
574,27.0,male,1.0,own,little,moderate,1082,9.0,radio/TV,good,09.02.2022
575,24.0,female,2.0,own,little,,2788,15.0,furniture/equipment,good,10.02.2022
576,27.0,female,2.0,own,little,moderate,2930,12.0,radio/TV,good,11.02.2022
577,33.0,female,2.0,own,,,1927,24.0,education,good,12.02.2022
578,27.0,male,2.0,own,little,moderate,2820,36.0,car,bad,13.02.2022
579,27.0,male,1.0,own,little,,937,24.0,education,good,14.02.2022
580,30.0,male,2.0,own,little,moderate,1056,18.0,car,bad,15.02.2022
581,49.0,male,1.0,own,little,moderate,3124,12.0,car,good,16.02.2022
582,26.0,female,2.0,rent,little,,1388,9.0,furniture/equipment,good,17.02.2022
583,33.0,male,1.0,rent,little,moderate,2384,36.0,repairs,bad,18.02.2022
584,52.0,female,3.0,free,,,2133,12.0,car,good,19.02.2022
585,20.0,female,2.0,rent,little,little,2039,18.0,furniture/equipment,bad,20.02.2022
586,36.0,male,2.0,rent,little,little,2799,9.0,car,good,21.02.2022
587,21.0,male,1.0,own,little,little,1289,12.0,furniture/equipment,good,22.02.2022
588,47.0,male,1.0,own,little,little,1217,18.0,domestic appliances,bad,23.02.2022
589,60.0,male,2.0,own,little,little,2246,12.0,furniture/equipment,bad,24.02.2022
590,58.0,female,1.0,own,little,little,385,12.0,radio/TV,good,25.02.2022
591,42.0,female,2.0,rent,,moderate,1965,24.0,car,good,26.02.2022
592,36.0,female,1.0,own,rich,,1572,21.0,business,good,27.02.2022
593,20.0,female,1.0,rent,little,moderate,2718,24.0,car,bad,28.02.2022
594,40.0,male,3.0,own,,little,1358,24.0,vacation/others,bad,01.03.2022
595,32.0,female,1.0,own,moderate,moderate,931,6.0,car,bad,02.03.2022
596,23.0,female,2.0,rent,little,little,1442,24.0,car,bad,03.03.2022
597,36.0,male,1.0,own,little,moderate,4241,24.0,business,bad,04.03.2022
598,31.0,male,2.0,own,little,,2775,18.0,car,bad,05.03.2022
599,32.0,male,2.0,free,little,,3863,24.0,business,good,06.03.2022
600,45.0,female,2.0,own,little,moderate,2329,7.0,radio/TV,good,07.03.2022
601,30.0,female,2.0,own,little,moderate,918,9.0,furniture/equipment,bad,08.03.2022
602,34.0,female,1.0,free,little,moderate,1837,24.0,education,bad,09.03.2022
603,28.0,female,3.0,own,little,,3349,36.0,furniture/equipment,bad,10.03.2022
604,23.0,female,2.0,own,little,rich,1275,10.0,furniture/equipment,good,11.03.2022
605,22.0,male,2.0,own,quite rich,little,2828,24.0,furniture/equipment,good,12.03.2022
606,74.0,male,3.0,own,little,,4526,24.0,business,good,13.03.2022
607,50.0,female,2.0,free,moderate,moderate,2671,36.0,radio/TV,bad,14.03.2022
608,33.0,male,2.0,own,little,,2051,18.0,radio/TV,good,15.03.2022
609,45.0,male,2.0,free,,,1300,15.0,car,good,16.03.2022
610,22.0,female,2.0,own,moderate,little,741,12.0,domestic appliances,bad,17.03.2022
611,48.0,female,1.0,free,moderate,rich,1240,10.0,car,bad,18.03.2022
612,29.0,female,2.0,own,rich,little,3357,21.0,radio/TV,good,19.03.2022
613,22.0,female,2.0,rent,little,little,3632,24.0,car,good,20.03.2022
614,22.0,female,2.0,own,little,,1808,18.0,furniture/equipment,bad,21.03.2022
615,48.0,male,3.0,own,,moderate,12204,48.0,business,good,22.03.2022
616,27.0,male,3.0,free,,moderate,9157,60.0,radio/TV,good,23.03.2022
617,37.0,male,2.0,rent,little,little,3676,6.0,car,good,24.03.2022
618,21.0,female,2.0,rent,moderate,moderate,3441,30.0,furniture/equipment,bad,25.03.2022
619,49.0,male,1.0,own,little,,640,12.0,car,good,26.03.2022
620,27.0,male,2.0,own,little,moderate,3652,21.0,business,good,27.03.2022
621,32.0,male,2.0,own,little,,1530,18.0,car,bad,28.03.2022
622,38.0,male,2.0,own,,,3914,48.0,business,bad,29.03.2022
623,22.0,female,2.0,rent,little,little,1858,12.0,furniture/equipment,good,30.03.2022
624,65.0,male,2.0,free,little,little,2600,18.0,radio/TV,bad,31.03.2022
625,35.0,male,2.0,own,,,1979,15.0,radio/TV,good,01.04.2022
626,41.0,male,2.0,own,little,rich,2116,6.0,furniture/equipment,good,02.04.2022
627,29.0,male,2.0,own,moderate,moderate,1437,9.0,car,bad,03.04.2022
628,36.0,male,2.0,own,quite rich,,4042,42.0,furniture/equipment,good,04.04.2022
629,64.0,male,1.0,own,,,3832,9.0,education,good,05.04.2022
630,28.0,female,2.0,own,little,little,3660,24.0,radio/TV,good,06.04.2022
631,44.0,male,2.0,own,little,little,1553,18.0,furniture/equipment,bad,07.04.2022
632,23.0,male,2.0,own,,moderate,1444,15.0,radio/TV,good,08.04.2022
633,19.0,female,2.0,rent,little,,1980,9.0,furniture/equipment,bad,09.04.2022
634,25.0,female,1.0,own,little,moderate,1355,24.0,car,bad,10.04.2022
635,47.0,male,2.0,own,little,,1393,12.0,education,good,11.04.2022
636,28.0,female,2.0,own,quite rich,,1376,24.0,radio/TV,good,12.04.2022
637,21.0,male,2.0,own,little,,15650003,60.0,radio/TV,good,13.04.2022
638,34.0,female,2.0,own,little,,1493,12.0,radio/TV,good,14.04.2022
639,26.0,male,2.0,own,little,little,4370,42.0,radio/TV,bad,15.04.2022
640,27.0,female,0.0,own,little,little,750,18.0,education,bad,16.04.2022
641,38.0,male,1.0,own,little,moderate,1308,15.0,repairs,good,17.04.2022
642,40.0,male,3.0,own,moderate,,4623,15.0,education,bad,18.04.2022
643,33.0,male,2.0,own,little,,1851,24.0,radio/TV,good,19.04.2022
644,32.0,male,3.0,own,little,little,1880,18.0,radio/TV,good,20.04.2022
645,27.0,male,2.0,rent,,,7980,36.0,business,bad,21.04.2022
646,32.0,male,2.0,own,little,little,4583,30.0,furniture/equipment,good,22.04.2022
647,26.0,female,2.0,own,quite rich,,1386,12.0,car,bad,23.04.2022
648,38.0,male,2.0,free,little,rich,947,24.0,car,bad,24.04.2022
649,40.0,male,1.0,rent,little,little,684,12.0,education,bad,25.04.2022
650,50.0,male,3.0,free,little,little,7476,48.0,education,good,26.04.2022
651,37.0,male,1.0,own,little,moderate,1922,12.0,furniture/equipment,bad,27.04.2022
652,45.0,male,2.0,own,little,little,2303,24.0,car,bad,28.04.2022
653,42.0,male,3.0,own,moderate,moderate,8086,36.0,car,bad,29.04.2022
654,35.0,male,2.0,own,little,,2346,24.0,car,good,30.04.2022
655,22.0,male,2.0,free,little,little,3973,14.0,car,good,01.05.2022
656,41.0,male,1.0,own,little,moderate,888,12.0,car,bad,02.05.2022
657,37.0,male,2.0,own,,,10222,48.0,radio/TV,good,03.05.2022
658,28.0,female,2.0,own,little,moderate,4221,30.0,business,good,04.05.2022
659,41.0,male,2.0,own,little,moderate,6361,18.0,furniture/equipment,good,05.05.2022
660,23.0,male,2.0,rent,little,rich,1297,12.0,radio/TV,good,06.05.2022
661,23.0,male,2.0,own,,little,900,12.0,car,bad,07.05.2022
662,50.0,male,2.0,own,little,,2241,21.0,furniture/equipment,good,08.05.2022
663,35.0,male,3.0,own,little,moderate,1050,6.0,furniture/equipment,good,09.05.2022
664,50.0,female,1.0,own,little,rich,1047,6.0,education,good,10.05.2022
665,27.0,male,3.0,own,little,,6314,24.0,vacation/others,good,11.05.2022
666,34.0,male,2.0,own,rich,moderate,3496,30.0,furniture/equipment,good,12.05.2022
667,27.0,female,2.0,own,little,,3609,48.0,business,good,13.05.2022
668,43.0,male,2.0,rent,little,little,4843,12.0,car,bad,14.05.2022
669,47.0,male,2.0,own,little,rich,3017,30.0,radio/TV,good,15.05.2022
670,27.0,male,1.0,own,moderate,,4139,24.0,business,good,16.05.2022
671,31.0,male,2.0,own,moderate,,5742,36.0,business,good,17.05.2022
672,42.0,male,3.0,own,little,,10366,60.0,car,good,18.05.2022
673,24.0,male,2.0,own,quite rich,,2080,6.0,car,good,19.05.2022
674,41.0,male,1.0,own,quite rich,,2580,21.0,business,bad,20.05.2022
675,26.0,female,3.0,rent,little,,4530,30.0,radio/TV,good,21.05.2022
676,33.0,male,2.0,own,little,,5150,24.0,furniture/equipment,good,22.05.2022
677,24.0,male,2.0,own,moderate,moderate,5595,72.0,radio/TV,bad,23.05.2022
678,64.0,male,1.0,rent,little,little,2384,24.0,radio/TV,good,24.05.2022
679,26.0,female,2.0,own,little,,1453,18.0,radio/TV,good,25.05.2022
680,56.0,female,2.0,own,little,,1538,6.0,education,good,26.05.2022
681,37.0,male,2.0,free,,,2279,12.0,radio/TV,good,27.05.2022
682,33.0,male,2.0,own,little,,1478,15.0,radio/TV,good,28.05.2022
683,47.0,male,2.0,free,little,,5103,24.0,radio/TV,good,29.05.2022
684,31.0,male,1.0,own,moderate,moderate,9857,36.0,business,good,30.05.2022
685,34.0,male,2.0,free,,,6527,60.0,car,good,31.05.2022
686,27.0,male,2.0,own,,rich,1347,10.0,radio/TV,good,01.06.2022
687,30.0,male,2.0,free,moderate,moderate,2862,36.0,car,good,02.06.2022
688,35.0,male,2.0,own,moderate,,2753,9.0,radio/TV,good,03.06.2022
689,31.0,male,2.0,own,rich,little,3651,12.0,car,good,04.06.2022
690,25.0,male,2.0,own,little,little,975,15.0,furniture/equipment,good,05.06.2022
691,25.0,female,1.0,own,moderate,moderate,2631,15.0,repairs,good,06.06.2022
692,29.0,male,2.0,own,moderate,moderate,2896,24.0,radio/TV,good,07.06.2022
693,44.0,male,1.0,own,,little,4716,6.0,car,good,08.06.2022
694,28.0,male,2.0,own,little,,2284,24.0,radio/TV,good,09.06.2022
695,50.0,male,2.0,rent,quite rich,,1236,6.0,car,good,10.06.2022
696,29.0,male,2.0,own,little,moderate,1103,12.0,radio/TV,good,11.06.2022
697,38.0,female,0.0,own,little,,926,12.0,car,good,12.06.2022
698,24.0,male,2.0,own,little,,1800,18.0,radio/TV,good,13.06.2022
699,40.0,male,3.0,rent,little,rich,1905,15.0,education,good,14.06.2022
700,29.0,female,1.0,rent,quite rich,,1123,12.0,furniture/equipment,bad,15.06.2022
701,46.0,male,2.0,free,little,little,6331,48.0,car,bad,16.06.2022
702,47.0,female,2.0,free,moderate,rich,1377,24.0,radio/TV,good,17.06.2022
703,41.0,male,2.0,own,moderate,moderate,2503,30.0,business,good,18.06.2022
704,32.0,female,2.0,own,little,moderate,2528,27.0,business,good,19.06.2022
705,35.0,female,2.0,free,quite rich,,5324,15.0,car,good,20.06.2022
706,24.0,male,2.0,own,moderate,moderate,6560,48.0,car,bad,21.06.2022
707,25.0,female,2.0,rent,little,moderate,2969,12.0,furniture/equipment,bad,22.06.2022
708,25.0,female,2.0,own,little,moderate,1206,9.0,radio/TV,good,23.06.2022
709,37.0,male,1.0,own,little,moderate,2118,9.0,radio/TV,good,24.06.2022
710,32.0,male,3.0,own,quite rich,,629,18.0,radio/TV,good,25.06.2022
711,35.0,female,2.0,free,little,little,1198,6.0,education,bad,26.06.2022
712,46.0,male,3.0,own,,,2476,21.0,car,good,27.06.2022
713,25.0,male,1.0,own,little,little,1138,9.0,radio/TV,good,28.06.2022
714,27.0,male,3.0,own,little,moderate,14027,60.0,car,bad,29.06.2022
715,63.0,male,2.0,own,,,7596,30.0,car,good,30.06.2022
716,40.0,male,2.0,own,,,3077,30.0,radio/TV,good,01.07.2022
717,32.0,male,3.0,free,little,,1505,18.0,radio/TV,good,02.07.2022
718,31.0,male,2.0,own,,rich,3148,24.0,radio/TV,good,03.07.2022
719,31.0,male,2.0,own,moderate,moderate,6148,20.0,car,good,04.07.2022
720,34.0,male,3.0,own,little,rich,1337,9.0,radio/TV,bad,10.07.2021
721,24.0,female,2.0,rent,rich,moderate,433,6.0,education,bad,11.07.2021
722,24.0,female,1.0,own,little,little,1228,12.0,car,bad,12.07.2021
723,66.0,female,1.0,own,quite rich,moderate,790,9.0,radio/TV,good,13.07.2021
724,21.0,female,2.0,rent,little,,2570,27.0,car,bad,14.07.2021
725,41.0,female,1.0,own,rich,,250,6.0,car,good,15.07.2021
726,47.0,male,1.0,own,quite rich,,1316,15.0,radio/TV,good,16.07.2021
727,25.0,female,2.0,rent,little,little,1882,18.0,radio/TV,bad,17.07.2021
728,59.0,female,2.0,rent,little,moderate,6416,48.0,business,bad,18.07.2021
729,36.0,male,2.0,own,rich,rich,1275,24.0,business,good,19.07.2021
730,33.0,male,2.0,own,little,moderate,6403,24.0,radio/TV,good,20.07.2021
731,21.0,male,1.0,rent,little,little,1987,24.0,radio/TV,bad,21.07.2021
732,44.0,female,1.0,own,little,moderate,760,8.0,radio/TV,good,22.07.2021
733,28.0,female,2.0,rent,rich,,2603,24.0,car,good,23.07.2021
734,37.0,female,2.0,own,little,,3380,4.0,car,good,24.07.2021
735,29.0,female,0.0,own,,moderate,3990,36.0,domestic appliances,good,25.07.2021
736,23.0,female,3.0,rent,little,moderate,11560,24.0,car,bad,26.07.2021
737,35.0,male,1.0,own,moderate,little,4380,18.0,car,good,27.07.2021
738,45.0,male,3.0,own,little,,6761,6.0,car,good,28.07.2021
739,26.0,female,1.0,rent,moderate,moderate,4280,30.0,business,bad,29.07.2021
740,32.0,male,2.0,own,moderate,little,2325,24.0,car,good,30.07.2021
741,23.0,male,1.0,own,little,moderate,1048,10.0,radio/TV,good,31.07.2021
742,41.0,male,2.0,own,,,3160,21.0,radio/TV,good,01.08.2021
743,22.0,male,2.0,own,quite rich,little,2483,24.0,furniture/equipment,good,02.08.2021
744,30.0,male,3.0,own,,little,14179,39.0,furniture/equipment,good,03.08.2021
745,28.0,male,1.0,own,little,little,1797,13.0,business,good,04.08.2021
746,23.0,female,2.0,rent,little,little,2511,15.0,car,good,05.08.2021
747,37.0,female,1.0,own,little,little,1274,12.0,car,bad,06.08.2021
748,26.0,male,2.0,own,,,5248,21.0,car,good,07.08.2021
749,33.0,male,2.0,own,little,,3029,15.0,car,good,08.08.2021
750,49.0,female,2.0,own,little,little,428,6.0,furniture/equipment,good,09.08.2021
751,23.0,female,1.0,own,little,little,976,18.0,car,bad,10.08.2021
752,23.0,female,1.0,rent,moderate,moderate,841,12.0,business,good,11.08.2021
753,25.0,female,2.0,own,little,,5771,30.0,radio/TV,good,12.08.2021
754,55.0,male,2.0,free,rich,,1555,12.0,repairs,bad,13.08.2021
755,32.0,female,2.0,rent,,little,1285,24.0,car,bad,14.08.2021
756,74.0,male,0.0,own,little,rich,1299,6.0,car,good,15.08.2021
757,39.0,male,2.0,free,,rich,1271,15.0,radio/TV,bad,16.08.2021
758,31.0,male,2.0,own,little,,1393,24.0,car,good,17.08.2021
759,35.0,male,2.0,own,little,little,691,12.0,car,bad,18.08.2021
760,59.0,female,2.0,own,,,5045,15.0,car,good,19.08.2021
761,24.0,female,2.0,rent,little,little,2124,18.0,furniture/equipment,bad,20.08.2021
762,24.0,male,1.0,own,little,little,2214,12.0,radio/TV,good,21.08.2021
763,30.0,male,3.0,free,,,12680,21.0,car,bad,22.08.2021
764,27.0,male,2.0,own,moderate,,2463,24.0,car,good,23.08.2021
765,40.0,male,1.0,own,little,moderate,1155,12.0,radio/TV,good,24.08.2021
766,31.0,male,1.0,own,little,little,3108,30.0,furniture/equipment,bad,25.08.2021
767,31.0,female,2.0,rent,,,2901,10.0,car,good,26.08.2021
768,28.0,male,2.0,rent,little,moderate,3617,12.0,furniture/equipment,good,27.08.2021
769,63.0,male,1.0,own,little,,1655,12.0,radio/TV,good,28.08.2021
770,26.0,female,2.0,rent,,little,2812,24.0,car,good,29.08.2021
771,25.0,female,3.0,own,little,little,8065,36.0,education,bad,30.08.2021
772,36.0,male,3.0,own,little,,3275,21.0,car,good,31.08.2021
773,52.0,male,2.0,own,moderate,,2223,24.0,radio/TV,good,01.09.2021
774,66.0,male,0.0,free,quite rich,rich,1480,12.0,car,good,02.09.2021
775,25.0,female,2.0,rent,,little,1371,24.0,car,bad,03.09.2021
776,37.0,male,2.0,own,little,,3535,36.0,car,good,04.09.2021
777,25.0,female,2.0,own,little,little,3509,18.0,radio/TV,good,05.09.2021
778,38.0,male,3.0,own,rich,,5711,36.0,car,good,06.09.2021
779,67.0,female,2.0,own,little,moderate,3872,18.0,repairs,good,07.09.2021
780,25.0,male,2.0,own,little,moderate,4933,39.0,radio/TV,bad,08.09.2021
781,60.0,male,2.0,own,rich,,1940,24.0,car,good,09.09.2021
782,31.0,male,1.0,own,little,moderate,1410,12.0,education,good,10.09.2021
783,23.0,female,1.0,own,moderate,moderate,836,12.0,car,bad,11.09.2021
784,60.0,male,3.0,own,,moderate,6468,20.0,car,good,12.09.2021
785,35.0,male,1.0,own,rich,moderate,1941,18.0,business,good,13.09.2021
786,40.0,male,2.0,own,quite rich,,2675,22.0,radio/TV,good,14.09.2021
787,38.0,male,2.0,own,,,2751,48.0,car,good,15.09.2021
788,50.0,male,2.0,free,little,moderate,6224,48.0,education,bad,16.09.2021
789,27.0,male,2.0,own,little,little,5998,40.0,education,bad,17.09.2021
790,39.0,female,2.0,own,little,moderate,1188,21.0,business,bad,18.09.2021
791,41.0,male,3.0,own,,,6313,24.0,car,good,19.09.2021
792,27.0,male,2.0,own,,,1221,6.0,furniture/equipment,good,20.09.2021
793,51.0,male,2.0,free,little,rich,2892,24.0,furniture/equipment,good,21.09.2021
794,32.0,male,2.0,rent,quite rich,,3062,24.0,furniture/equipment,good,22.09.2021
795,22.0,female,2.0,rent,moderate,,2301,9.0,furniture/equipment,good,23.09.2021
796,51.0,male,2.0,free,,little,7511,18.0,car,bad,24.09.2021
797,22.0,female,1.0,rent,little,,1258,12.0,furniture/equipment,good,25.09.2021
798,54.0,male,2.0,own,,,717,24.0,car,good,26.09.2021
799,35.0,male,0.0,own,,moderate,1549,9.0,car,good,27.09.2021
800,54.0,male,2.0,free,little,,1597,24.0,education,good,28.09.2021
801,48.0,female,1.0,rent,little,moderate,1795,18.0,radio/TV,good,29.09.2021
802,24.0,female,2.0,own,little,little,4272,20.0,furniture/equipment,good,30.09.2021
803,35.0,male,2.0,own,,,976,12.0,radio/TV,good,01.10.2021
804,24.0,female,0.0,rent,,moderate,7472,12.0,car,good,02.10.2021
805,24.0,male,2.0,own,little,little,9271,36.0,car,bad,03.10.2021
806,26.0,male,1.0,own,little,moderate,590,6.0,radio/TV,good,04.10.2021
807,65.0,male,2.0,own,,,930,12.0,radio/TV,good,05.10.2021
808,55.0,male,3.0,free,little,moderate,9283,42.0,car,good,06.10.2021
809,26.0,female,0.0,rent,little,moderate,1778,15.0,car,bad,07.10.2021
810,26.0,male,2.0,own,little,moderate,907,8.0,business,good,08.10.2021
811,28.0,male,1.0,own,little,moderate,484,6.0,radio/TV,good,09.10.2021
812,24.0,male,2.0,own,little,little,9629,36.0,car,bad,10.10.2021
813,54.0,male,2.0,own,little,little,3051,48.0,domestic appliances,bad,11.10.2021
814,46.0,male,2.0,free,little,little,3931,48.0,car,bad,12.10.2021
815,54.0,female,2.0,rent,little,moderate,7432,36.0,car,good,13.10.2021
816,62.0,male,2.0,own,quite rich,,,6.0,domestic appliances,good,14.10.2021
817,24.0,female,2.0,rent,little,,,6.0,radio/TV,good,15.10.2021
818,43.0,male,3.0,own,little,little,,36.0,vacation/others,good,16.10.2021
819,26.0,male,2.0,own,little,little,,18.0,radio/TV,bad,17.10.2021
820,27.0,male,2.0,own,little,,,12.0,car,good,18.10.2021
821,24.0,male,2.0,own,little,rich,,12.0,radio/TV,good,19.10.2021
822,41.0,male,2.0,own,little,little,,36.0,furniture/equipment,bad,20.10.2021
823,47.0,male,1.0,own,little,little,,8.0,car,good,21.10.2021
824,35.0,male,3.0,own,little,,,18.0,furniture/equipment,good,22.10.2021
825,30.0,male,2.0,own,little,little,,21.0,car,good,23.10.2021
826,33.0,female,2.0,rent,little,little,,18.0,car,bad,24.10.2021
827,36.0,male,2.0,own,little,,,18.0,business,bad,25.10.2021
828,47.0,male,2.0,free,,little,8335,36.0,car,bad,26.10.2021
829,38.0,male,2.0,free,,moderate,6681,48.0,business,good,27.10.2021
830,44.0,male,2.0,own,quite rich,,2375,24.0,business,good,28.10.2021
831,23.0,female,2.0,rent,little,little,a,18.0,car,bad,29.10.2021
832,29.0,male,2.0,rent,little,little,11816,45.0,business,bad,30.10.2021
833,42.0,female,2.0,own,,moderate,5084,24.0,radio/TV,good,31.10.2021
834,25.0,female,1.0,own,little,rich,2327,15.0,radio/TV,bad,01.11.2021
835,48.0,male,2.0,own,little,little,1082,12.0,car,bad,02.11.2021
836,21.0,female,2.0,own,,,886,12.0,radio/TV,good,03.11.2021
837,23.0,female,1.0,rent,little,,601,4.0,furniture/equipment,good,04.11.2021
838,63.0,male,2.0,own,little,little,2957,24.0,car,good,05.11.2021
839,46.0,male,2.0,own,little,,2611,24.0,radio/TV,good,06.11.2021
840,29.0,male,2.0,own,little,little,5179,36.0,furniture/equipment,bad,07.11.2021
841,28.0,male,1.0,own,little,,2993,21.0,car,good,08.11.2021
842,23.0,female,2.0,own,little,,1943,18.0,repairs,bad,09.11.2021
843,50.0,male,2.0,own,little,,1559,24.0,business,good,10.11.2021
844,47.0,male,2.0,own,little,,3422,18.0,furniture/equipment,good,11.11.2021
845,35.0,male,2.0,own,,moderate,3976,21.0,furniture/equipment,good,12.11.2021
846,68.0,male,2.0,rent,,,6761,18.0,car,bad,13.11.2021
847,28.0,male,2.0,own,little,,1249,24.0,car,good,14.11.2021
848,59.0,male,2.0,own,little,little,1364,9.0,radio/TV,good,15.11.2021
849,57.0,male,1.0,own,little,little,709,12.0,radio/TV,bad,16.11.2021
850,33.0,male,2.0,rent,little,little,2235,20.0,car,bad,17.11.2021
851,43.0,male,2.0,own,,,4042,24.0,car,good,18.11.2021
852,35.0,male,2.0,free,little,,1471,15.0,radio/TV,good,19.11.2021
853,32.0,male,1.0,free,little,little,1442,18.0,car,bad,20.11.2021
854,45.0,male,2.0,own,little,,10875,36.0,car,good,21.11.2021
855,33.0,male,2.0,own,moderate,,1474,24.0,car,good,22.11.2021
856,40.0,female,2.0,own,,,894,10.0,education,good,23.11.2021
857,28.0,male,2.0,free,little,,3343,15.0,furniture/equipment,good,24.11.2021
858,29.0,female,2.0,own,little,little,3959,15.0,car,bad,25.11.2021
859,26.0,male,2.0,rent,moderate,,3577,9.0,car,good,26.11.2021
860,27.0,male,2.0,own,rich,,5804,24.0,car,good,27.11.2021
861,28.0,male,2.0,own,little,,2169,18.0,business,bad,28.11.2021
862,35.0,female,2.0,own,little,little,2439,24.0,radio/TV,bad,29.11.2021
863,32.0,male,1.0,own,rich,,4526,27.0,furniture/equipment,good,30.11.2021
864,25.0,male,1.0,rent,little,,2210,10.0,furniture/equipment,bad,01.12.2021
865,20.0,female,2.0,rent,quite rich,,2221,15.0,furniture/equipment,good,02.12.2021
866,27.0,female,2.0,own,little,little,2389,18.0,radio/TV,good,03.12.2021
867,42.0,male,2.0,own,little,,a,12.0,furniture/equipment,good,04.12.2021
868,37.0,male,2.0,own,,,7409,36.0,business,good,05.12.2021
869,24.0,female,2.0,rent,little,little,652,12.0,furniture/equipment,good,06.12.2021
870,40.0,female,2.0,own,quite rich,,7678,36.0,furniture/equipment,good,07.12.2021
871,46.0,male,2.0,own,little,rich,1343,6.0,car,good,08.12.2021
872,26.0,male,2.0,own,moderate,little,1382,24.0,business,good,09.12.2021
873,24.0,female,2.0,own,,,874,15.0,domestic appliances,good,10.12.2021
874,29.0,male,1.0,own,little,little,3590,12.0,furniture/equipment,good,11.12.2021
875,40.0,female,2.0,own,rich,moderate,1322,11.0,car,good,12.12.2021
876,36.0,male,3.0,free,little,little,1940,18.0,radio/TV,good,13.12.2021
877,28.0,male,2.0,own,little,,3595,36.0,radio/TV,good,14.12.2021
878,27.0,male,3.0,free,little,little,1422,9.0,car,bad,15.12.2021
879,36.0,male,2.0,own,,,6742,30.0,radio/TV,good,16.12.2021
880,38.0,male,3.0,own,little,,7814,24.0,car,good,17.12.2021
881,48.0,male,2.0,free,,,9277,24.0,car,good,18.12.2021
882,36.0,male,2.0,own,,moderate,2181,30.0,car,good,19.12.2021
883,65.0,female,0.0,own,little,,1098,18.0,radio/TV,good,20.12.2021
884,43.0,male,2.0,own,little,moderate,a,24.0,furniture/equipment,bad,21.12.2021
885,53.0,female,2.0,own,little,little,795,12.0,education,bad,22.12.2021
886,34.0,male,2.0,own,,moderate,2825,24.0,business,good,23.12.2021
887,23.0,male,2.0,own,little,moderate,15672,48.0,business,bad,24.12.2021
888,34.0,male,3.0,own,little,,6614,36.0,car,good,25.12.2021
889,40.0,male,2.0,rent,,,7824,28.0,car,good,26.12.2021
890,43.0,male,3.0,own,little,little,2442,27.0,business,good,27.12.2021
891,46.0,male,2.0,own,little,,1829,15.0,radio/TV,good,28.12.2021
892,38.0,male,1.0,own,little,little,2171,12.0,car,good,29.12.2021
893,34.0,male,2.0,own,little,moderate,5800,36.0,car,good,30.12.2021
894,29.0,male,2.0,own,qwerty,,1169,18.0,radio/TV,good,31.12.2021
895,31.0,male,3.0,own,,,8947,36.0,car,good,01.01.2022
896,28.0,female,3.0,rent,little,little,2606,21.0,radio/TV,good,02.01.2022
897,35.0,female,2.0,own,rich,,1592,12.0,furniture/equipment,good,03.01.2022
898,33.0,female,1.0,rent,,,2186,15.0,furniture/equipment,good,04.01.2022
899,42.0,male,2.0,own,little,little,4153,18.0,furniture/equipment,bad,05.01.2022
900,43.0,male,2.0,rent,little,little,2625,16.0,car,bad,06.01.2022
901,44.0,male,2.0,own,,,3485,20.0,car,good,07.01.2022
902,42.0,male,2.0,free,,,10477,36.0,car,good,08.01.2022
903,40.0,male,2.0,rent,,,1386,15.0,radio/TV,good,09.01.2022
904,36.0,male,3.0,own,little,,1278,24.0,radio/TV,good,10.01.2022
905,20.0,male,3.0,rent,little,little,1107,12.0,radio/TV,good,11.01.2022
906,24.0,male,1.0,own,,little,3763,21.0,car,good,12.01.2022
907,27.0,male,2.0,own,,moderate,3711,36.0,education,good,13.01.2022
908,46.0,female,1.0,own,little,,3594,15.0,car,good,14.01.2022
909,33.0,female,1.0,own,,moderate,3195,9.0,car,good,15.01.2022
910,34.0,female,2.0,own,little,,4454,36.0,radio/TV,good,16.01.2022
911,25.0,female,1.0,own,little,moderate,4736,24.0,furniture/equipment,bad,17.01.2022
912,25.0,female,2.0,own,,moderate,2991,30.0,radio/TV,good,18.01.2022
913,28.0,male,2.0,own,rich,,2142,11.0,business,good,19.01.2022
914,31.0,male,2.0,rent,little,little,3161,24.0,business,bad,20.01.2022
915,32.0,female,3.0,own,little,moderate,18424,48.0,vacation/others,bad,21.01.2022
916,32.0,male,2.0,own,moderate,,2848,10.0,car,good,22.01.2022
917,68.0,male,3.0,own,little,little,14896,6.0,car,bad,23.01.2022
918,33.0,male,2.0,own,moderate,little,2359,24.0,furniture/equipment,bad,24.01.2022
919,39.0,male,3.0,rent,little,little,3345,24.0,furniture/equipment,bad,25.01.2022
920,28.0,female,2.0,own,little,,1817,18.0,furniture/equipment,good,26.01.2022
921,37.0,male,3.0,own,quite rich,,12749,48.0,radio/TV,good,27.01.2022
922,22.0,female,2.0,rent,little,little,1366,9.0,radio/TV,bad,28.01.2022
923,30.0,male,2.0,rent,little,moderate,2002,12.0,car,good,29.01.2022
924,55.0,male,2.0,own,little,little,6872,24.0,furniture/equipment,bad,30.01.2022
925,46.0,male,2.0,own,little,little,697,12.0,car,bad,31.01.2022
926,21.0,female,2.0,rent,little,little,1049,18.0,furniture/equipment,good,01.02.2022
927,39.0,male,2.0,free,little,little,10297,48.0,car,bad,02.02.2022
928,58.0,male,2.0,own,,,1867,30.0,radio/TV,good,03.02.2022
929,43.0,male,1.0,own,little,little,1344,12.0,car,good,04.02.2022
930,24.0,male,1.0,own,little,little,1747,24.0,furniture/equipment,good,05.02.2022
931,22.0,female,2.0,own,little,moderate,1670,9.0,radio/TV,bad,06.02.2022
932,30.0,male,2.0,own,little,,1224,9.0,car,good,07.02.2022
933,42.0,male,2.0,own,quite rich,,522,12.0,radio/TV,good,08.02.2022
934,23.0,female,2.0,own,little,little,1498,12.0,radio/TV,good,09.02.2022
935,30.0,male,3.0,own,moderate,moderate,1919,30.0,radio/TV,bad,10.02.2022
936,28.0,female,1.0,own,little,rich,745,9.0,radio/TV,bad,11.02.2022
937,30.0,male,3.0,rent,little,moderate,2063,6.0,radio/TV,good,12.02.2022
938,42.0,male,2.0,free,little,moderate,a,60.0,education,bad,13.02.2022
939,46.0,male,3.0,own,,,6842,24.0,car,good,14.02.2022
940,45.0,male,3.0,own,,,3527,12.0,car,good,15.02.2022
941,31.0,male,1.0,own,little,,1546,10.0,car,good,16.02.2022
942,31.0,male,2.0,own,,,929,24.0,furniture/equipment,good,17.02.2022
943,42.0,male,1.0,own,little,,1455,4.0,car,good,18.02.2022
944,46.0,female,2.0,rent,little,little,1845,15.0,furniture/equipment,good,19.02.2022
945,30.0,female,2.0,own,quite rich,moderate,8358,48.0,car,good,20.02.2022
946,30.0,male,2.0,free,quite rich,little,3349,24.0,furniture/equipment,bad,21.02.2022
947,38.0,male,3.0,own,,,2859,12.0,car,good,22.02.2022
948,43.0,male,1.0,own,little,,1533,18.0,furniture/equipment,bad,23.02.2022
949,31.0,male,2.0,own,moderate,,3621,24.0,radio/TV,bad,24.02.2022
950,40.0,male,0.0,own,little,moderate,3590,18.0,business,good,25.02.2022
951,24.0,male,2.0,own,little,little,2145,36.0,business,bad,26.02.2022
952,28.0,female,2.0,rent,quite rich,moderate,4113,24.0,car,bad,27.02.2022
953,26.0,female,3.0,own,little,,10974,36.0,furniture/equipment,bad,28.02.2022
954,29.0,female,2.0,own,little,little,1893,12.0,car,good,01.03.2022
955,57.0,female,3.0,rent,rich,little,1231,24.0,radio/TV,good,02.03.2022
956,49.0,male,1.0,own,,rich,3656,30.0,radio/TV,good,03.03.2022
957,37.0,male,1.0,own,little,moderate,1154,9.0,radio/TV,good,04.03.2022
958,45.0,male,1.0,own,little,little,4006,28.0,car,bad,05.03.2022
959,30.0,male,2.0,free,moderate,moderate,3069,24.0,furniture/equipment,good,06.03.2022
960,30.0,male,2.0,rent,little,,1740,6.0,radio/TV,good,07.03.2022
961,47.0,male,2.0,own,little,moderate,2353,21.0,car,good,08.03.2022
962,29.0,male,2.0,own,,,3556,15.0,car,good,09.03.2022
963,35.0,male,2.0,own,quite rich,,2397,24.0,radio/TV,bad,10.03.2022
964,22.0,male,1.0,own,little,moderate,454,6.0,repairs,good,11.03.2022
965,26.0,female,2.0,own,,moderate,1715,30.0,radio/TV,good,12.03.2022
966,23.0,male,1.0,own,quite rich,moderate,2520,27.0,radio/TV,bad,13.03.2022
967,54.0,female,3.0,rent,little,,3568,15.0,radio/TV,good,14.03.2022
968,29.0,male,2.0,rent,,,7166,42.0,radio/TV,good,15.03.2022
969,40.0,male,1.0,own,little,little,3939,11.0,car,good,16.03.2022
970,22.0,male,2.0,own,moderate,moderate,1514,15.0,repairs,good,17.03.2022
971,43.0,male,1.0,own,little,,7393,24.0,car,good,18.03.2022
972,29.0,female,0.0,rent,little,little,1193,24.0,car,bad,19.03.2022
973,36.0,male,2.0,rent,little,little,7297,60.0,business,bad,20.03.2022
974,33.0,female,2.0,own,little,,2831,30.0,radio/TV,good,21.03.2022
975,57.0,female,1.0,own,quite rich,rich,1258,24.0,radio/TV,good,22.03.2022
976,64.0,female,2.0,own,little,moderate,753,6.0,radio/TV,good,23.03.2022
977,42.0,male,2.0,own,,moderate,2427,18.0,business,good,24.03.2022
978,47.0,male,1.0,own,little,,2538,24.0,car,bad,25.03.2022
979,25.0,male,2.0,rent,moderate,moderate,1264,15.0,car,bad,26.03.2022
980,49.0,male,2.0,own,little,moderate,8386,30.0,furniture/equipment,bad,27.03.2022
981,33.0,male,3.0,rent,little,,4844,48.0,business,bad,28.03.2022
982,28.0,female,3.0,own,moderate,rich,2923,21.0,car,good,29.03.2022
983,26.0,male,2.0,own,little,little,8229,36.0,car,bad,30.03.2022
984,30.0,male,1.0,own,little,,2028,24.0,furniture/equipment,good,31.03.2022
985,25.0,female,2.0,rent,little,little,1433,15.0,furniture/equipment,good,01.04.2022
986,33.0,male,2.0,own,little,rich,6289,42.0,business,good,02.04.2022
987,64.0,female,2.0,own,moderate,,1409,13.0,radio/TV,good,03.04.2022
988,29.0,male,3.0,free,little,little,6579,24.0,car,good,04.04.2022
989,48.0,male,1.0,own,little,moderate,1743,24.0,radio/TV,good,05.04.2022
990,37.0,male,1.0,own,,,3565,12.0,education,good,06.04.2022
991,34.0,male,1.0,own,moderate,,1569,15.0,radio/TV,good,07.04.2022
992,23.0,male,1.0,rent,,little,1936,18.0,radio/TV,good,08.04.2022
993,30.0,male,3.0,own,little,little,3959,36.0,furniture/equipment,good,09.04.2022
994,50.0,male,2.0,own,,,2390,12.0,car,good,10.04.2022
995,31.0,female,1.0,own,little,,1736,12.0,furniture/equipment,good,11.04.2022
996,40.0,male,3.0,own,little,little,3857,30.0,car,good,12.04.2022
997,38.0,male,2.0,own,little,,804,12.0,radio/TV,good,13.04.2022
998,23.0,male,2.0,free,little,little,1845,45.0,radio/TV,bad,14.04.2022
999,27.0,male,2.0,own,moderate,moderate,4576,45.0,car,good,15.04.2022
